[
	{
		"description": "Great for chopping small bits of wood.",
		"image": "axe.jpg",
		"title": "Small Axe"
	},
	{
		"description": "Great for chopping lots of hair!",
		"image": "clippers.jpg",
		"title": "Clippers"
	},
	{
		"description": "Chrome-plated wrench for those tough nuts.",
		"image": "wrench.png",
		"title": "Wrench"
	},
	{
		"description": "Use on all the nails you have.",
		"image": "hammer.jpg",
		"title": "Hammer"
	},
	{
		"description": "You'll be screwing for hours with this handy tool.",
		"image": "screwdriver.jpg",
		"title": "Screwdriver"
	}
]
